Festivale name,Days,Place,URL-address
Cultivate Festival: Fall Edition,"Saturday 23 - Sunday 24 September, 2023",Innoflate in Aberdeen,https://www.skiddle.com/festivals/cultivate---fall-edition/
DnB Allstars Festival,"Sunday 17 September, 2023",Gunnersbury Park in London,https://www.skiddle.com/festivals/dnb-allstars-festival/
EH1 Music Festival,"Saturday 23 - Sunday 24 September, 2023",Royal Highland Centre in Edinburgh,https://www.skiddle.com/festivals/Eh1musicfestival/
Illusive Festival,"Friday 8 - Sunday 10 September, 2023",Deene Park in Corby,https://www.skiddle.com/festivals/illusive-festival/
Solfest,"Thursday 22 - Sunday 25 August, 2024","North Lakes Country Park in Silloth, Cumbria",https://www.skiddle.com/festivals/solfest/
Westfest 2023 - The Home of Rave,"Saturday 28 - Sunday 29 October, 2023","The Bath And West Showground, Shepton Mallet in Shepton Mallet",https://www.skiddle.com/festivals/westfest/
Нет данных,"Saturday 28 - Sunday 29 October, 2023","The Bath And West Showground, Shepton Mallet in Shepton Mallet",https://www.skiddle.com/festivals/terminal-v-halloween/
Cultivate Festival: Fall Edition,"Saturday 23 - Sunday 24 September, 2023",Innoflate in Aberdeen,https://www.skiddle.com/festivals/cultivate---fall-edition/
Equinox Festival,"Friday 15 - Monday 18 September, 2023",Chalk Farm in Lincolnshire,https://www.skiddle.com/festivals/equinox-festival/
Boogietown Festival,"Saturday 9 - Sunday 10 September, 2023",Apps Court Farm in Walton-on-Thames,https://www.skiddle.com/festivals/boogietown/
Groovebox Presents: Electric Garden Festival,"Saturday 23 September, 2023",Nottingham Racecourse in Nottingham,https://www.skiddle.com/festivals/groovebox-presents-electric-garden-festival/
Damnation Festival,"Friday 3 - Saturday 4 November, 2023",Bowlers Exhibition Centre in Manchester,https://www.skiddle.com/festivals/damnation/
Reggae Land Festival,"Saturday 3 - Sunday 4 August, 2024",The National Bowl in Milton Keynes,https://www.skiddle.com/festivals/Reggae-Land/
Clubland Live On The Beach Festival,"Friday 8 September, 2023",Weston Super Mare Beach in Weston Super-Mare,https://www.skiddle.com/festivals/clubland-live-on-the-beach/
The Tidyland Weekender Festival,"Friday 5 - Monday 8 July, 2024",Pontins in Prestatyn,https://www.skiddle.com/festivals/tidyland-weekender/
Clubland Weekender Festival,"Friday 6 - Saturday 7 October, 2023",Winter Gardens Blackpool in Blackpool,https://www.skiddle.com/festivals/Clubland-Live-Weekender/
Mint Festival,"Saturday 16 - Sunday 17 September, 2023",Newsam Green Farm in Leeds,https://www.skiddle.com/festivals/mint-festival/
Rong Indoor Festival,"Saturday, 30 September - Sunday 1 October, 2023",O2 Victoria Warehouse in Manchester,https://www.skiddle.com/festivals/rong-indoor-festival/
In It Together Festival,"Friday 24 - Monday 27 May, 2024",Old Park Farm Margam in Port Talbot,https://www.skiddle.com/festivals/In-It-Together/
FearFest,"Saturday 28 October, 2023",Magna Science Adventure Centre in Rotherham,https://www.skiddle.com/festivals/fearfest/
Fields Of Gold Festival,"Friday 1 - Saturday 2 September, 2023",Ashton Cricket Club in Manchester,https://www.skiddle.com/festivals/fields-of-gold/
Save The Rave: Outdoor 90's Festival!,Saturday 8th June 2024,Victoria Park Southport in SOUTHPORT,https://www.skiddle.com/whats-on/Southport/Victoria-Park-Southport/Save-The-Rave-Outdoor-90s-Festival/36588780/
Sign of the Times Festival,"Friday 5 - Sunday 7 July, 2024",Church End Farm in Hertfordshire,https://www.skiddle.com/festivals/sign-of-the-times/
Kubix Festival,"Saturday 13 July, 2024",Herrington Country Park in Sunderland,https://www.skiddle.com/festivals/kubix-festival/
Boundary Brighton Festival,"Saturday 30 September, 2023",Stanmer Park in Brighton,https://www.skiddle.com/festivals/boundary-brighton/
Borderlands Festival,"Friday 8 - Saturday 9 September, 2023",Carlisle Castle in Cumbria,https://www.skiddle.com/festivals/borderlands-festival/
Kelburn Garden Party festival,"Thursday 4 - Sunday 7 July, 2024",Kelburn Country Centre in Largs,https://www.skiddle.com/festivals/kelburn-garden-party/
Woodshrop'23 Festival,Friday 22nd - Sunday 24th September 2023,"West Mid Showground, in Shrewsbury,",https://www.skiddle.com/whats-on/Shrewsbury/West-Mid-Showground%2C/Woodshrop23-Festival/36350824/
One Out Festival,"Saturday 16 September, 2023",Apps Court Farm in Walton-on-Thames,https://www.skiddle.com/festivals/one-out/
Rock The Park Festival,"Thursday 1 - Sunday 4 August, 2024",Rock The Park Festival Site in Wrexham,https://www.skiddle.com/festivals/rock-the-park/
PLTFRM FSTVL. - 10 Years at West Street,"Saturday 23 - Sunday 24 September, 2023",West Street  in Glasgow,https://www.skiddle.com/festivals/pltfrm-fstvl-10-years-at-west-street/
Maid of Stone Festival,"Friday 19 - Sunday 21 July, 2024","Mote Park in Maidstone, Kent",https://www.skiddle.com/festivals/maid-of-stone-festival/
Cafe Mambo In The Park Festival,Saturday 16th September 2023,"Mote Park in Maidstone, Kent",https://www.skiddle.com/whats-on/Maidstone/Mote-Park/Cafe-Mambo-In-The-Park-Festival/36306659/
Ben Hemsley Presents: CONNECTION at Terminal V Halloween Trilogy,Friday 27th October 2023,Royal Highland Centre in Edinburgh,https://www.skiddle.com/whats-on/Edinburgh/Royal-Highland-Centre/Ben-Hemsley-Presents-CONNECTION-at-Terminal-V-Halloween-Trilogy/36383697/
Look-A-Like Festival: Outdoor Tribute Festival in Southport!,Sunday 9th June 2024,Victoria Park Southport in SOUTHPORT,https://www.skiddle.com/whats-on/Southport/Victoria-Park-Southport/Look-A-Like-Festival-Outdoor-Tribute-Festival-in-Southport/36591612/
Manchester Adored,Saturday 14th October 2023,Bowlers Exhibition Centre in Manchester,https://www.skiddle.com/whats-on/Manchester/Bowlers-Exhibition-Centre/Manchester-Adored-/36326883/
Oktoberfest Kent 2023,Saturday 30th September 2023,"Mote Park in Maidstone, Kent",https://www.skiddle.com/whats-on/Maidstone/Mote-Park/Oktoberfest-Kent-2023/36385045/
Parked Out festival,"Saturday 25 May, 2024",Venue TBA in Barnsley,https://www.skiddle.com/festivals/parked-out/
Emerge Music Festival Belfast,"August 2024, TBC","Boucher Road Fields, Belfast",https://www.skiddle.com/festivals/emerge-music-festival-belfast/
In the Park Festival presents Cream Classical,"Saturday 13 July, 2024",Sefton Park in Liverpool,https://www.skiddle.com/festivals/in-the-park-presents-saturday/
In The Park Festival presents Jamie Webster,"Friday 12 July, 2024",Sefton Park in Liverpool,https://www.skiddle.com/festivals/in-the-park-presents-friday/
Bootle Country Music Festival!,Saturday 2nd September 2023,Lock And Quay in Bootle,https://www.skiddle.com/whats-on/Liverpool/Lock-And-Quay/Bootle-Country-Music-Festival/36415213/
Liverpool Soul Weekender 2024,Thursday 27th June - Monday 1st July 2024,Various Venues In Liverpool in Liverpool,https://www.skiddle.com/whats-on/Liverpool/Various-Venues-In-Liverpool/Liverpool-Soul-Weekender-2024/36387371/
PALM Presents : Danny Howard,Saturday 30th September 2023,Mansion in Liverpool,https://www.skiddle.com/whats-on/Liverpool/Mansion/PALM-Presents--Danny-Howard-/36589385/
TwentiesFest,Sunday 1st October 2023,Camp And Furnace in Liverpool,https://www.skiddle.com/whats-on/Liverpool/Camp-And-Furnace/TwentiesFest/36401327/
Festival of the Dead,Saturday 28th October 2023,Eventim Olympia in Liverpool,https://www.skiddle.com/whats-on/Liverpool/Eventim-Olympia/Festival-of-the-Dead/36399368/
Brick Street Takeover (Kitchen St X Temple X Cellular),Saturday 16th September 2023,44 Brick Street L1 0BN in Liverpool,https://www.skiddle.com/whats-on/Liverpool/44-Brick-Street-L1-0BN/Brick-Street-Takeover-Kitchen-St-X-Temple-X-Cellular/36493489/
R&B Lovers - Saturday 21st October - Camp & Furnace,Saturday 21st October 2023,Camp And Furnace in Liverpool,https://www.skiddle.com/whats-on/Liverpool/Camp-And-Furnace/RB-Lovers---Saturday-21st-October---Camp--Furnace/36370694/
"TRIPNO || JAZZY, NØNAME, JO3Y3T, GREGO, FLETCH b2b WHITT",Saturday 18th - Sunday 19th November 2023,Williamson Tunnels in Liverpool,https://www.skiddle.com/whats-on/Liverpool/Williamson-Tunnels/TRIPNO--JAZZY-NNAME-JO3Y3T-GREGO-FLETCH-b2b-WHITT/36418288/
Baltic Weekender Festival,"Friday, 31 May - Saturday 1 June, 2024",Baltic Triangle in Liverpool,https://www.skiddle.com/festivals/Baltic-Weekender/
Crapfest 2024,Saturday 20th July 2024,Future Yard in Birkenhead,https://www.skiddle.com/whats-on/Birkenhead/Future-Yard/Crapfest-2024/36403027/
Monkéfest: All Out Alternative,Saturday 23rd September 2023,The Jacaranda Club in Liverpool,https://www.skiddle.com/whats-on/Liverpool/The-Jacaranda-Club/Monkfest-All-Out-Alternative/36529959/
Monkéfest: Funky Monké Jazz Night,Thursday 21st September 2023,Round The Corner in Liverpool,https://www.skiddle.com/whats-on/Liverpool/Round-The-Corner/Monkfest-Funky-Monk-Jazz-Night/36529894/
Kole Coaches To Reminisce Festival,Saturday 9th September 2023,Various Liverpool Venues in Liverpool,https://www.skiddle.com/whats-on/Liverpool/Various-Liverpool-Venues/Kole-Coaches-To-Reminisce-Festival/36589386/
Liverpool Sound City Festival,"Saturday 4 - Sunday 5 May, 2024",Various Venues Liverpool in Liverpool,https://www.skiddle.com/festivals/liverpool-sound-city/
Monkéfest: ROCK'N'ROLL ROLLOUT,Wednesday 20th September 2023,District  in Liverpool,https://www.skiddle.com/whats-on/Liverpool/District-/Monkfest-ROCKNROLL-ROLLOUT/36529880/
Birmingham Reggae Carnival,Saturday 23rd September 2023,The Mill  in Birmingham,https://www.skiddle.com/whats-on/Birmingham/The-Mill-/Birmingham-Reggae-Carnival/36376618/
Anomaly Summer Of Love Trance Festival,Saturday 17th - Sunday 18th August 2024,Sandwell Valley Country Park in West Bromwich,https://www.skiddle.com/whats-on/West-Bromwich/Sandwell-Valley-Country-Park/Anomaly-Summer-Of-Love-Trance-Festival/36530525/
dnb collective: the invasion 2.0,Saturday 25th May 2024,LAB11 in Birmingham,https://www.skiddle.com/whats-on/Birmingham/LAB11/dnb-collective-the-invasion-20-/36367465/
Our House Rave 2024 - The Festival -  A NEW DAWN,Sunday 5th - Monday 6th May 2024,Birmingham in Digbeth,https://www.skiddle.com/whats-on/Birmingham/Birmingham/Our-House-Rave-2024---The-Festival----A-NEW-DAWN/36367685/
Muzikstan All Day Festival,Saturday 16th September 2023,The Old Print Works in Birmingham,https://www.skiddle.com/whats-on/Birmingham/The-Old-Print-Works/Muzikstan-All-Day-Festival/36491916/
Slaughterhouse Festival,"Friday 3 - Sunday 5 May, 2024",The Castle And Falcon in Birmingham,https://www.skiddle.com/festivals/slaughterhouse-festival/
A Weird & Wonderful Halloween Indoor Festival,Saturday 28th October 2023,XOYO Birmingham in Birmingham,https://www.skiddle.com/whats-on/Birmingham/XOYO-Birmingham/A-Weird--Wonderful-Halloween-Indoor-Festival/36409949/
Digbeth Indie & Rock Festival,Saturday 6th - Sunday 7th April 2024,The Crossing Digbeth in Birmingham,https://www.skiddle.com/whats-on/Birmingham/The-Crossing-Digbeth/Digbeth-Indie--Rock-Festival/36340229/
Doom and Grind Festival 2024,Friday 19th - Saturday 20th April 2024,The Castle And Falcon in Birmingham,https://www.skiddle.com/whats-on/Birmingham/The-Castle-And-Falcon/Doom-and-Grind-Festival-2024/36531128/
Foreverland: Dopamine Dreams (Immersive Rave),Saturday 21st October 2023,Forum Birmingham in Birmingham,https://www.skiddle.com/whats-on/Birmingham/Forum-Birmingham/Foreverland-Dopamine-Dreams-Immersive-Rave/36488933/
Guadalupe Plata,Sunday 1st October 2023,The Night Owl in Birmingham,https://www.skiddle.com/whats-on/Birmingham/The-Night-Owl/Guadalupe-Plata/36489731/
Lost Wood Festival,"Saturday 16 September, 2023",Witton Park Blackburn in Blackburn,https://www.skiddle.com/festivals/lost-wood-festival/
Restricted Forest Festival,"Saturday 22 June, 2024",Witton Park Blackburn in Blackburn,https://www.skiddle.com/festivals/restricted-forest/
Confessional Festival,Friday 8th - Saturday 9th September 2023,The Exchange in Blackburn,https://www.skiddle.com/whats-on/Blackburn/The-Exchange/Confessional-Festival/36397269/
Clubland Weekender Festival,"Friday 6 - Saturday 7 October, 2023",Winter Gardens Blackpool in Blackpool,https://www.skiddle.com/festivals/Clubland-Live-Weekender/
Revival Music Festival Weekender 2024,Friday 8th - Saturday 9th March 2024,Norbreck Castle Hotel in  Blackpool,https://www.skiddle.com/whats-on/Blackpool/Norbreck-Castle-Hotel/Revival-Music-Festival-Weekender-2024/36315350/
Wigan Casino 50th Anniversary Weekend,Friday 22nd - Monday 25th September 2023,Winter Gardens Blackpool in Blackpool,https://www.skiddle.com/whats-on/Blackpool/Winter-Gardens-Blackpool/Wigan-Casino-50th-Anniversary-Weekend/36187719/
Fringe Festival,Friday 22nd September 2023,The Pump House Theatre And Arts Centre Watford in Watford,https://www.skiddle.com/whats-on/Watford/The-Pump-House-Theatre-And-Arts-Centre-Watford/Fringe-Festival/36489190/
R&B Lovers - Saturday 30th September - Cameo Bournemouth,Saturday 30th September 2023,Cameo in Bournemouth,https://www.skiddle.com/whats-on/Bournemouth/Cameo/RB-Lovers---Saturday-30th-September---Cameo-Bournemouth/36348234/
DanceOnArrival: Bournemouth Weekender,Friday 3rd - Monday 6th May 2024,Various Bournemouth Venues in Bournemouth,https://www.skiddle.com/whats-on/Bournemouth/Various-Bournemouth-Venues/DanceOnArrival-Bournemouth-Weekender/36349922/
oktoberfest,Friday 29th - Saturday 30th September 2023,Poole Park England in Poole,https://www.skiddle.com/whats-on/Poole/Poole-Park-England/oktoberfest-/36593333/
The Festival of Halloween,Saturday 4th - Sunday 5th November 2023,Halloween Party in Ascot,https://www.skiddle.com/whats-on/Slough/Halloween-Party/The-Festival-of-Halloween/36532902/
This Feeling By The Sea Festival,"Friday 6 September, 2024",Bridlington Spa in Bridlington,https://www.skiddle.com/festivals/this-feeling-by-the-sea/
Deep Forest,Saturday 2nd September 2023,Chances in Stourton,https://www.skiddle.com/whats-on/Stourbridge/Chances/Deep-Forest/36390290/
Stourfest,Saturday 11th May 2024,Stourbridge Rugby Football Club Ltd in Stourbridge,https://www.skiddle.com/whats-on/Dudley/Stourbridge-Rugby-Football-Club-Ltd/Stourfest-/36361485/
Boundary Brighton Festival,"Saturday 30 September, 2023",Stanmer Park in Brighton,https://www.skiddle.com/festivals/boundary-brighton/
Land Beyond Festival,"Friday 3 - Sunday 5 May, 2024",Waterhall in Brighton,https://www.skiddle.com/festivals/land-beyond/
Noughty 90s Festival Brighton,"Saturday 25 May, 2024",East Brighton Park in Brighton,https://www.skiddle.com/festivals/noughty-90s-festival-brighton/
Off The Record Independent Music Festival 2023,Saturday 11th November 2023,The Brunswick in Brighton And Hove,https://www.skiddle.com/whats-on/Brighton/The-Brunswick/Off-The-Record-Independent-Music-Festival-2023/36387119/
guadalupe plata,Saturday 30th September 2023,Prince Albert in Brighton,https://www.skiddle.com/whats-on/Brighton/Prince-Albert/guadalupe-plata/36489536/
Shall Not Fade Festival,"Saturday 9 September, 2023",Propyard in Bristol,https://www.skiddle.com/festivals/shall-not-fade-festival/
Run All Day 2023,Saturday 9th September 2023,Motion in Bristol,https://www.skiddle.com/whats-on/Bristol/Motion/Run-All-Day-2023/36349296/
FORWARDS Festival,"Friday 1 - Saturday 2 September, 2023",Clifton Down in Bristol,https://www.skiddle.com/festivals/forwards/
Volcom Garden Experience,Saturday 9th - Sunday 10th September 2023,Lost Horizon HQ in Bristol,https://www.skiddle.com/whats-on/Bristol/Lost-Horizon-HQ/Volcom-Garden-Experience/36396640/
AIRSCREAM Unplugged,Friday 8th September 2023,Propyard in Bristol,https://www.skiddle.com/whats-on/Bristol/Propyard/AIRSCREAM-Unplugged/36588800/
KRANK94 Pres. KRANKFEST 3.0,Saturday 7th October 2023,Dare To Club in Bristol,https://www.skiddle.com/whats-on/Bristol/Dare-To-Club/KRANK94-Pres-KRANKFEST-30/36357615/
Soultown Festival,"Saturday 2 - Sunday 3 September, 2023",Croydon Road Recreation Ground in Beckenham,https://www.skiddle.com/festivals/soultown-festival/
All Day Reggae Mini-Festival: Little Big Soundsystem Special,Sunday 24th September 2023,The Fox And Firkin in London,https://www.skiddle.com/whats-on/London/The-Fox-And-Firkin/All-Day-Reggae-Mini-Festival-Little-Big-Soundsystem-Special/36591770/
groovefest 2023,Saturday 30th September 2023,Blackheath Common in London,https://www.skiddle.com/whats-on/London/Blackheath-Common/groovefest-2023/36384508/
We Love 45s Cambridge & Summer Whoosh!,Saturday 2nd September 2023,The Missing Sock in Cambridge,https://www.skiddle.com/whats-on/Cambridge/The-Missing-Sock/We-Love-45s-Cambridge--Summer-Whoosh/36362442/
Cambridge Dragon Boat Festival,Saturday 9th September 2023,Ditton Meadows in Cambridge,https://www.skiddle.com/whats-on/Cambridge/Ditton-Meadows/Cambridge-Dragon-Boat-Festival/36232956/
Oktoberfest Cymru 2023: CARDIFF,Saturday 30th September 2023,VSA Warehouse in Cardiff,https://www.skiddle.com/whats-on/Cardiff/VSA-Warehouse/Oktoberfest-Cymru-2023-CARDIFF/36341306/
Summer Vibes a series of outdoor summer sessions,Saturday 2nd - Sunday 3rd September 2023,Lo Lounge in  Heol Porth Teigr,https://www.skiddle.com/whats-on/Cardiff/Lo-Lounge/Summer-Vibes-a-series-of-outdoor-summer-sessions/36301570/
Summer Vibes a series of outdoor summer sessions,Saturday 16th - Sunday 17th September 2023,Lo Lounge in  Heol Porth Teigr,https://www.skiddle.com/whats-on/Cardiff/Lo-Lounge/Summer-Vibes-a-series-of-outdoor-summer-sessions/36301574/
Llais Festival 2023,Wednesday 11th - Sunday 15th October 2023,Wales Millennium Centre in Cardiff,https://www.skiddle.com/whats-on/Cardiff/Wales-Millennium-Centre/Llais-Festival-2023/36409372/
Borderlands Festival,"Friday 8 - Saturday 9 September, 2023",Carlisle Castle in Cumbria,https://www.skiddle.com/festivals/borderlands-festival/
Eden Fest in collaboration with EBSH Development,Saturday 16th September 2023,Carlisle Cricket Club in Carlisle,https://www.skiddle.com/whats-on/Carlisle/Carlisle-Cricket-Club/Eden-Fest-in-collaboration-with-EBSH-Development/36355581/
Oktoberfest,Saturday 16th September 2023,Old Fire Station in Carlisle,https://www.skiddle.com/whats-on/Carlisle/Old-Fire-Station/Oktoberfest/36205883/
Oktoberfest Rochester,Saturday 21st October 2023,Casino Rooms in Rochester,https://www.skiddle.com/whats-on/Medway-Rochester/Casino-Rooms/Oktoberfest-Rochester/36381437/
Guadalupe Plata,Thursday 28th September 2023,St Mary's Creative Space in Chester,https://www.skiddle.com/whats-on/Chester/St-Mary%27s-Creative-Space/Guadalupe-Plata/36493610/
Proper Fest,"Sunday 25 August, 2024",Colchester,https://www.skiddle.com/festivals/proper-fest/
Meridian Rocks 2023,Saturday 2nd September 2023,Meridian Showground in Lincolnshire,https://www.skiddle.com/whats-on/Cleethorpes/Meridian-Showground/Meridian-Rocks-2023/36312632/
The Gathering Fest,"Saturday 8 June, 2024",Meridian Showground in Lincolnshire,https://www.skiddle.com/festivals/the-gathering-fest/
Cat Country Live,Saturday 16th September 2023,The Crozzy in Crewe,https://www.skiddle.com/whats-on/Crewe/The-Crozzy/Cat-Country-Live/36400864/
Soultown Festival,"Saturday 2 - Sunday 3 September, 2023",Croydon Road Recreation Ground in Beckenham,https://www.skiddle.com/festivals/soultown-festival/
PLTFRM FSTVL. - 10 Years at West Street,"Saturday 23 - Sunday 24 September, 2023",West Street  in Glasgow,https://www.skiddle.com/festivals/pltfrm-fstvl-10-years-at-west-street/
Manc It Up,Saturday 9th December 2023,O2 Academy Glasgow in Glasgow,https://www.skiddle.com/whats-on/Glasgow/O2-Academy-Glasgow/Manc-It-Up/36245009/
Crank It Up,Saturday 2nd September 2023,O2 Academy Glasgow in Glasgow,https://www.skiddle.com/whats-on/Glasgow/O2-Academy-Glasgow/Crank-It-Up-/36222861/
Riverside Festival,"Saturday 25 - Sunday 26 May, 2024",Riverside Museum in Glasgow,https://www.skiddle.com/festivals/riverside-festival/
Last Train Home Festival 23,Saturday 2nd September 2023,Darlington (Multiple Venues) in Darlington,https://www.skiddle.com/whats-on/Darlington/Darlington-%28Multiple-Venues%29/Last-Train-Home-Festival-23/36337534/
WFR Central,Saturday 23rd March 2024,Deda And Dubrek in Derby,https://www.skiddle.com/whats-on/Derby/Deda-And-Dubrek/WFR-Central/36365034/
Aynsley Lister,Friday 15th September 2023,The Flowerpot in Derby,https://www.skiddle.com/whats-on/Derby/The-Flowerpot/Aynsley-Lister/36282849/
Paracinema Film Festival,Friday 22nd - Monday 25th September 2023,QUAD in Derby,https://www.skiddle.com/whats-on/Derby/QUAD/Paracinema-Film-Festival/36590898/
Jika Jika Festival,"August 2024, TBC",Belfast,https://www.skiddle.com/festivals/jika-jika/
Bassline Takeover & History Of Bassline: Scream Fest 2023,Saturday 28th October 2023,The Hangar  in Wolverhampton,https://www.skiddle.com/whats-on/Wolverhampton/The-Hangar-/Bassline-Takeover--History-Of-Bassline-Scream-Fest-2023/36372621/
Bassline Takeover & History of Bassline: Scream Fest 2023 16+,Saturday 28th October 2023,The Hangar  in Wolverhampton,https://www.skiddle.com/whats-on/Wolverhampton/The-Hangar-/Bassline-Takeover--History-of-Bassline-Scream-Fest-2023-16/36372883/
Durham Vibes,Friday 15th September 2023,Brandon Cricket Club in Brandon,https://www.skiddle.com/whats-on/Durham/Brandon-Cricket-Club/Durham-Vibes/36375144/
Brandon Rocks,Saturday 16th September 2023,Brandon Cricket Club in Brandon,https://www.skiddle.com/whats-on/Durham/Brandon-Cricket-Club/Brandon-Rocks/36361865/
Wonderland Festival 2023,Saturday 2nd December 2023,Rainton Arena in Houghton-le-Spring,https://www.skiddle.com/whats-on/Durham/Rainton-Arena/Wonderland-Festival-2023/36250579/
FLY Open Air - Princes Street Gardens festival,"Saturday 16 - Sunday 17 September, 2023","The Ross Bandstand, Princes Street Gardens, Edinburgh in Edinburgh",https://www.skiddle.com/festivals/fly-open-air-princes-street-gardens/
Magnetic Presents Velocity 3.0 (Halloween Special),Saturday 4th - Sunday 5th November 2023,The Biscuit Factory in Edinburgh,https://www.skiddle.com/whats-on/Edinburgh/The-Biscuit-Factory/Magnetic-Presents-Velocity-30-Halloween-Special/36277288/
Rockinburgh 2023,Friday 29th - Saturday 30th September 2023,La Belle Angele in Edinburgh,https://www.skiddle.com/whats-on/Edinburgh/La-Belle-Angele/Rockinburgh-2023/36390846/
WAH in the City Festival,"Saturday 11 November, 2023",Drumsheds in London,https://www.skiddle.com/festivals/wah-in-the-city/
Piano People Indoor Winter Festival,"Sunday 19 November, 2023",Drumsheds in London,https://www.skiddle.com/festivals/piano-people-indoor-winter-festival/
Gotobeat Festival with Global Soul,Sunday 10th September 2023,Signature Brew Blackhorse Road in London,https://www.skiddle.com/whats-on/London/Signature-Brew-Blackhorse-Road/Gotobeat-Festival-with-Global-Soul/36416951/
Junkfest 2023,Sunday 24th September 2023,Cavern Exeter in Exeter,https://www.skiddle.com/whats-on/Exeter/Cavern-Exeter/Junkfest-2023/36379317/
The Colosseum Rebirth,Saturday 4th November 2023,The Fed in Gateshead,https://www.skiddle.com/whats-on/Gateshead/The-Fed/The-Colosseum-Rebirth/36257076/
Granville Collective 23/24 Season Opener Wristband,Tuesday 19th - Saturday 30th September 2023,Newcastle in Newcastle Upon Tyne,https://www.skiddle.com/whats-on/Newcastle-on-Tyne/Newcastle/Granville-Collective-2324-Season-Opener-Wristband/36490054/
Let's Caper@BALTIC #3 - An Mini-Festival Over 5 Floors!,Friday 29th - Saturday 30th September 2023,BALTIC Centre For Contemporary Art in Gateshead,https://www.skiddle.com/whats-on/Gateshead/BALTIC-Centre-For-Contemporary-Art/Lets-CaperBALTIC-3---An-Mini-Festival-Over-5-Floors/36590418/
Guadalupe Plata,Wednesday 27th September 2023,The Cluny in Newcastle Upon Tyne,https://www.skiddle.com/whats-on/Newcastle-on-Tyne/The-Cluny/Guadalupe-Plata/36489177/
Oktoberfest Rochester,Saturday 21st October 2023,Casino Rooms in Rochester,https://www.skiddle.com/whats-on/Medway-Rochester/Casino-Rooms/Oktoberfest-Rochester/36381437/
PLTFRM FSTVL. - 10 Years at West Street,"Saturday 23 - Sunday 24 September, 2023",West Street  in Glasgow,https://www.skiddle.com/festivals/pltfrm-fstvl-10-years-at-west-street/
Manc It Up,Saturday 9th December 2023,O2 Academy Glasgow in Glasgow,https://www.skiddle.com/whats-on/Glasgow/O2-Academy-Glasgow/Manc-It-Up/36245009/
Crank It Up,Saturday 2nd September 2023,O2 Academy Glasgow in Glasgow,https://www.skiddle.com/whats-on/Glasgow/O2-Academy-Glasgow/Crank-It-Up-/36222861/
Riverside Festival,"Saturday 25 - Sunday 26 May, 2024",Riverside Museum in Glasgow,https://www.skiddle.com/festivals/riverside-festival/
Southsea Thai Food and Craft Festival,Saturday 9th - Sunday 10th September 2023,Southsea Common Portsmouth PO5 3LR in Portsmouth,https://www.skiddle.com/whats-on/Portsmouth/Southsea-Common-Portsmouth-PO5-3LR/Southsea-Thai-Food-and-Craft-Festival/36403818/
Meridian Rocks 2023,Saturday 2nd September 2023,Meridian Showground in Lincolnshire,https://www.skiddle.com/whats-on/Cleethorpes/Meridian-Showground/Meridian-Rocks-2023/36312632/
The Gathering Fest,"Saturday 8 June, 2024",Meridian Showground in Lincolnshire,https://www.skiddle.com/festivals/the-gathering-fest/
Guildford Mod Weekend,Friday 29th September - Saturday 30th September 2023,Suburbs  Holroyd Arms in Guildford,https://www.skiddle.com/whats-on/Guildford/Suburbs--Holroyd-Arms/Guildford-Mod-Weekend-/36251050/
Cow-Chella,Sunday 27th - Monday 28th August 2023,Copper Cow Halifax in Sowerby Bridge,https://www.skiddle.com/whats-on/Halifax/Copper-Cow-Halifax/Cow-Chella/36493925/
BOOZéBRUNCH The Festival,Saturday 2nd September 2023,Chatelherault Country Park in Nr Hamilton,https://www.skiddle.com/whats-on/Hamilton/Chatelherault-Country-Park/BOOZBRUNCH-The-Festival/36378693/
Back In The Day Weekender Festival 2023,Friday 29th September - Sunday 1st October 2023,Redricks Lane Sawbridgeworth CM21 in Sawbridgeworth,https://www.skiddle.com/whats-on/Chelmsford/Redricks-Lane-Sawbridgeworth-CM21/Back-In-The-Day-Weekender-Festival-2023/36587141/
Open Jar Tribute Festival,"Saturday 9 September, 2023",Seaton Reach in Hartlepool,https://www.skiddle.com/festivals/open-jar-tribute-festival/
Bou on Hastings Pier,Saturday 9th September 2023,Hastings Pier in Hastings,https://www.skiddle.com/whats-on/Hastings/Hastings-Pier/Bou-on-Hastings-Pier/36410574/
The Modcast Weekender festival,"Friday 13 - Sunday 15 October, 2023",Azur in Hastings,https://www.skiddle.com/festivals/the-modcast-weekender/
UK Garage By The Sea Festival,"Sunday 28 July, 2024",The Oval in Hastings,https://www.skiddle.com/festivals/southern-sunset-festival/
Hastings Reggae Festival,"Saturday 27 July, 2024",The Oval in Hastings,https://www.skiddle.com/festivals/Hastings-Reggae-Festival/
Hastings ROOTS All-Dayer,Saturday 23rd September 2023,Hastings Pier in Hastings,https://www.skiddle.com/whats-on/Hastings/Hastings-Pier/Hastings-ROOTS-All-Dayer/36479879/
Hastings Steampunk Festival Flight of the jabberwocky 2023,Saturday 16th September 2023,White Rock Theatre in Hastings,https://www.skiddle.com/whats-on/Hastings/White-Rock-Theatre/Hastings-Steampunk-Festival-Flight-of-the-jabberwocky-2023/36179428/
Unified Youth Fest 2023,Thursday 31st August 2023,Lawrence Batley Theatre in Huddersfield,https://www.skiddle.com/whats-on/Huddersfield/Lawrence-Batley-Theatre/Unified-Youth-Fest-2023/36491403/
Swing fest 2023,Sunday 27th August 2023,Hu9 Club in Hull,https://www.skiddle.com/whats-on/Hull/Hu9-Club/Swing-fest-2023/36307823/
Breakin Science and Drumatics 16+ London | Rave under The Slide,Wednesday 30th August 2023,Arcelormittal Orbit in London,https://www.skiddle.com/whats-on/London/Arcelormittal-Orbit/Breakin-Science-and-Drumatics-16-London--Rave-under-The-Slide/36491800/
LoveJuice Indoor Festival at Copper Box Arena,"Saturday 4 November, 2023",Copper Box Arena in London,https://www.skiddle.com/festivals/lovejuice/
Festival People,"Saturday 15 June, 2024",Barking Park in Barking,https://www.skiddle.com/festivals/festival-people/
The Gathering Festival,"Saturday 1 June, 2024",Venue TBA in Inverness,https://www.skiddle.com/festivals/thegathering/
DnB Allstars Festival,"Sunday 17 September, 2023",Gunnersbury Park in London,https://www.skiddle.com/festivals/dnb-allstars-festival/
EH1 Music Festival,"Saturday 23 - Sunday 24 September, 2023",Royal Highland Centre in Edinburgh,https://www.skiddle.com/festivals/Eh1musicfestival/
Illusive Festival,"Friday 8 - Sunday 10 September, 2023",Deene Park in Corby,https://www.skiddle.com/festivals/illusive-festival/
Solfest,"Thursday 22 - Sunday 25 August, 2024","North Lakes Country Park in Silloth, Cumbria",https://www.skiddle.com/festivals/solfest/
Westfest 2023 - The Home of Rave,"Saturday 28 - Sunday 29 October, 2023","The Bath And West Showground, Shepton Mallet in Shepton Mallet",https://www.skiddle.com/festivals/westfest/
Нет данных,"Saturday 28 - Sunday 29 October, 2023","The Bath And West Showground, Shepton Mallet in Shepton Mallet",https://www.skiddle.com/festivals/terminal-v-halloween/
Cultivate Festival: Fall Edition,"Saturday 23 - Sunday 24 September, 2023",Innoflate in Aberdeen,https://www.skiddle.com/festivals/cultivate---fall-edition/
Equinox Festival,"Friday 15 - Monday 18 September, 2023",Chalk Farm in Lincolnshire,https://www.skiddle.com/festivals/equinox-festival/
Boogietown Festival,"Saturday 9 - Sunday 10 September, 2023",Apps Court Farm in Walton-on-Thames,https://www.skiddle.com/festivals/boogietown/
Groovebox Presents: Electric Garden Festival,"Saturday 23 September, 2023",Nottingham Racecourse in Nottingham,https://www.skiddle.com/festivals/groovebox-presents-electric-garden-festival/
Damnation Festival,"Friday 3 - Saturday 4 November, 2023",Bowlers Exhibition Centre in Manchester,https://www.skiddle.com/festivals/damnation/
Reggae Land Festival,"Saturday 3 - Sunday 4 August, 2024",The National Bowl in Milton Keynes,https://www.skiddle.com/festivals/Reggae-Land/
Clubland Live On The Beach Festival,"Friday 8 September, 2023",Weston Super Mare Beach in Weston Super-Mare,https://www.skiddle.com/festivals/clubland-live-on-the-beach/
The Tidyland Weekender Festival,"Friday 5 - Monday 8 July, 2024",Pontins in Prestatyn,https://www.skiddle.com/festivals/tidyland-weekender/
Clubland Weekender Festival,"Friday 6 - Saturday 7 October, 2023",Winter Gardens Blackpool in Blackpool,https://www.skiddle.com/festivals/Clubland-Live-Weekender/
Mint Festival,"Saturday 16 - Sunday 17 September, 2023",Newsam Green Farm in Leeds,https://www.skiddle.com/festivals/mint-festival/
Rong Indoor Festival,"Saturday, 30 September - Sunday 1 October, 2023",O2 Victoria Warehouse in Manchester,https://www.skiddle.com/festivals/rong-indoor-festival/
In It Together Festival,"Friday 24 - Monday 27 May, 2024",Old Park Farm Margam in Port Talbot,https://www.skiddle.com/festivals/In-It-Together/
FearFest,"Saturday 28 October, 2023",Magna Science Adventure Centre in Rotherham,https://www.skiddle.com/festivals/fearfest/
Fields Of Gold Festival,"Friday 1 - Saturday 2 September, 2023",Ashton Cricket Club in Manchester,https://www.skiddle.com/festivals/fields-of-gold/
Save The Rave: Outdoor 90's Festival!,Saturday 8th June 2024,Victoria Park Southport in SOUTHPORT,https://www.skiddle.com/whats-on/Southport/Victoria-Park-Southport/Save-The-Rave-Outdoor-90s-Festival/36588780/
Sign of the Times Festival,"Friday 5 - Sunday 7 July, 2024",Church End Farm in Hertfordshire,https://www.skiddle.com/festivals/sign-of-the-times/
Kubix Festival,"Saturday 13 July, 2024",Herrington Country Park in Sunderland,https://www.skiddle.com/festivals/kubix-festival/
Boundary Brighton Festival,"Saturday 30 September, 2023",Stanmer Park in Brighton,https://www.skiddle.com/festivals/boundary-brighton/
Borderlands Festival,"Friday 8 - Saturday 9 September, 2023",Carlisle Castle in Cumbria,https://www.skiddle.com/festivals/borderlands-festival/
Kelburn Garden Party festival,"Thursday 4 - Sunday 7 July, 2024",Kelburn Country Centre in Largs,https://www.skiddle.com/festivals/kelburn-garden-party/
Woodshrop'23 Festival,Friday 22nd - Sunday 24th September 2023,"West Mid Showground, in Shrewsbury,",https://www.skiddle.com/whats-on/Shrewsbury/West-Mid-Showground%2C/Woodshrop23-Festival/36350824/
One Out Festival,"Saturday 16 September, 2023",Apps Court Farm in Walton-on-Thames,https://www.skiddle.com/festivals/one-out/
Rock The Park Festival,"Thursday 1 - Sunday 4 August, 2024",Rock The Park Festival Site in Wrexham,https://www.skiddle.com/festivals/rock-the-park/
PLTFRM FSTVL. - 10 Years at West Street,"Saturday 23 - Sunday 24 September, 2023",West Street  in Glasgow,https://www.skiddle.com/festivals/pltfrm-fstvl-10-years-at-west-street/
Maid of Stone Festival,"Friday 19 - Sunday 21 July, 2024","Mote Park in Maidstone, Kent",https://www.skiddle.com/festivals/maid-of-stone-festival/
Cafe Mambo In The Park Festival,Saturday 16th September 2023,"Mote Park in Maidstone, Kent",https://www.skiddle.com/whats-on/Maidstone/Mote-Park/Cafe-Mambo-In-The-Park-Festival/36306659/
Ben Hemsley Presents: CONNECTION at Terminal V Halloween Trilogy,Friday 27th October 2023,Royal Highland Centre in Edinburgh,https://www.skiddle.com/whats-on/Edinburgh/Royal-Highland-Centre/Ben-Hemsley-Presents-CONNECTION-at-Terminal-V-Halloween-Trilogy/36383697/
Look-A-Like Festival: Outdoor Tribute Festival in Southport!,Sunday 9th June 2024,Victoria Park Southport in SOUTHPORT,https://www.skiddle.com/whats-on/Southport/Victoria-Park-Southport/Look-A-Like-Festival-Outdoor-Tribute-Festival-in-Southport/36591612/
Manchester Adored,Saturday 14th October 2023,Bowlers Exhibition Centre in Manchester,https://www.skiddle.com/whats-on/Manchester/Bowlers-Exhibition-Centre/Manchester-Adored-/36326883/
Oktoberfest Kent 2023,Saturday 30th September 2023,"Mote Park in Maidstone, Kent",https://www.skiddle.com/whats-on/Maidstone/Mote-Park/Oktoberfest-Kent-2023/36385045/
Hopfest - FRIDAY,Friday 8th September 2023,Hopleys Family Camping in Bewdley,https://www.skiddle.com/whats-on/Stourport-On-Severn/Hopleys-Family-Camping/Hopfest---FRIDAY/36400392/
Hopfest - SATURDAY,Saturday 9th September 2023,Hopleys Family Camping in Bewdley,https://www.skiddle.com/whats-on/Stourport-On-Severn/Hopleys-Family-Camping/Hopfest---SATURDAY/36400418/
Hopfest - WEEKEND,Friday 8th - Saturday 9th September 2023,Hopleys Family Camping in Bewdley,https://www.skiddle.com/whats-on/Stourport-On-Severn/Hopleys-Family-Camping/Hopfest---WEEKEND/36400348/
Kidderminster Music Festival 2023,Friday 22nd - Sunday 24th September 2023,45Live in Kidderminster,https://www.skiddle.com/whats-on/Kidderminster/45Live/Kidderminster-Music-Festival-2023/36404189/
Boogietown Festival,"Saturday 9 - Sunday 10 September, 2023",Apps Court Farm in Walton-on-Thames,https://www.skiddle.com/festivals/boogietown/
One Out Festival,"Saturday 16 September, 2023",Apps Court Farm in Walton-on-Thames,https://www.skiddle.com/festivals/one-out/
Deep Forest,Saturday 2nd September 2023,Chances in Stourton,https://www.skiddle.com/whats-on/Stourbridge/Chances/Deep-Forest/36390290/
Stourfest,Saturday 11th May 2024,Stourbridge Rugby Football Club Ltd in Stourbridge,https://www.skiddle.com/whats-on/Dudley/Stourbridge-Rugby-Football-Club-Ltd/Stourfest-/36361485/
"KY-One. Townhouse Takeover, Kirkcaldy's Biggest Dance Event",Saturday 7th October 2023,Kirkcaldy Town Square in Kirkcaldy,https://www.skiddle.com/whats-on/Kirkcaldy/Kirkcaldy-Town-Square/KY-One-Townhouse-Takeover-Kirkcaldys-Biggest-Dance-Event/36589028/
SancFest 2023 Lancaster,Saturday 16th September 2023,Kanteena in Lancaster,https://www.skiddle.com/whats-on/Lancaster/Kanteena/SancFest-2023-Lancaster/36397071/
BlaqkhOlesun 2024 - Alternative Dark Music Festival,Friday 7th - Saturday 8th June 2024,Alhambra Live in Morecambe,https://www.skiddle.com/whats-on/Lancaster/Alhambra-Live/BlaqkhOlesun-2024---Alternative-Dark-Music-Festival-/36413125/
Highest Point Festival,"Friday 10 - Saturday 11 May, 2024",Williamson Park in Lancaster,https://www.skiddle.com/festivals/highest-point-festival/
The Big Family Day Out Festival,"Sunday 12 May, 2024",Williamson Park in Lancaster,https://www.skiddle.com/festivals/thebigfamilydayout/
Mint Festival,"Saturday 16 - Sunday 17 September, 2023",Newsam Green Farm in Leeds,https://www.skiddle.com/festivals/mint-festival/
Morley Music Festival 2024,Saturday 6th July 2024,Morley Rugby Club in Leeds,https://www.skiddle.com/whats-on/Leeds/Morley-Rugby-Club/Morley-Music-Festival-2024/36403839/
Kole coaches to Mint Festival on Sunday 17th September 2023,Sunday 17th September 2023,The Mint Festival  in Leeds,https://www.skiddle.com/whats-on/Leeds/The-Mint-Festival-/Kole-coaches-to-Mint-Festival-on-Sunday-17th-September-2023/36350425/
March of the Mods Leicester 2024,Friday 15th - Sunday 17th March 2024,2Funky Music Cafe in Leicester,https://www.skiddle.com/whats-on/Leicester/2Funky-Music-Cafe/March-of-the-Mods-Leicester-2024/36335035/
Mind The Gap presents Nathan Dawe,Friday 17th November 2023,O2 Academy in Leicester,https://www.skiddle.com/whats-on/Leicester/O2-Academy/Mind-The-Gap-presents-Nathan-Dawe/36507717/
Square One: Halloween Festival with HEDEX,"Saturday 21 October, 2023",Lincolnshire Showground in Lincoln,https://www.skiddle.com/festivals/square-one-halloween-festival/
In the Park Festival presents Cream Classical,"Saturday 13 July, 2024",Sefton Park in Liverpool,https://www.skiddle.com/festivals/in-the-park-presents-saturday/
In The Park Festival presents Jamie Webster,"Friday 12 July, 2024",Sefton Park in Liverpool,https://www.skiddle.com/festivals/in-the-park-presents-friday/
Bootle Country Music Festival!,Saturday 2nd September 2023,Lock And Quay in Bootle,https://www.skiddle.com/whats-on/Liverpool/Lock-And-Quay/Bootle-Country-Music-Festival/36415213/
Liverpool Soul Weekender 2024,Thursday 27th June - Monday 1st July 2024,Various Venues In Liverpool in Liverpool,https://www.skiddle.com/whats-on/Liverpool/Various-Venues-In-Liverpool/Liverpool-Soul-Weekender-2024/36387371/
PALM Presents : Danny Howard,Saturday 30th September 2023,Mansion in Liverpool,https://www.skiddle.com/whats-on/Liverpool/Mansion/PALM-Presents--Danny-Howard-/36589385/
TwentiesFest,Sunday 1st October 2023,Camp And Furnace in Liverpool,https://www.skiddle.com/whats-on/Liverpool/Camp-And-Furnace/TwentiesFest/36401327/
Festival of the Dead,Saturday 28th October 2023,Eventim Olympia in Liverpool,https://www.skiddle.com/whats-on/Liverpool/Eventim-Olympia/Festival-of-the-Dead/36399368/
Brick Street Takeover (Kitchen St X Temple X Cellular),Saturday 16th September 2023,44 Brick Street L1 0BN in Liverpool,https://www.skiddle.com/whats-on/Liverpool/44-Brick-Street-L1-0BN/Brick-Street-Takeover-Kitchen-St-X-Temple-X-Cellular/36493489/
R&B Lovers - Saturday 21st October - Camp & Furnace,Saturday 21st October 2023,Camp And Furnace in Liverpool,https://www.skiddle.com/whats-on/Liverpool/Camp-And-Furnace/RB-Lovers---Saturday-21st-October---Camp--Furnace/36370694/
"TRIPNO || JAZZY, NØNAME, JO3Y3T, GREGO, FLETCH b2b WHITT",Saturday 18th - Sunday 19th November 2023,Williamson Tunnels in Liverpool,https://www.skiddle.com/whats-on/Liverpool/Williamson-Tunnels/TRIPNO--JAZZY-NNAME-JO3Y3T-GREGO-FLETCH-b2b-WHITT/36418288/
Baltic Weekender Festival,"Friday, 31 May - Saturday 1 June, 2024",Baltic Triangle in Liverpool,https://www.skiddle.com/festivals/Baltic-Weekender/
Crapfest 2024,Saturday 20th July 2024,Future Yard in Birkenhead,https://www.skiddle.com/whats-on/Birkenhead/Future-Yard/Crapfest-2024/36403027/
Monkéfest: All Out Alternative,Saturday 23rd September 2023,The Jacaranda Club in Liverpool,https://www.skiddle.com/whats-on/Liverpool/The-Jacaranda-Club/Monkfest-All-Out-Alternative/36529959/
Monkéfest: Funky Monké Jazz Night,Thursday 21st September 2023,Round The Corner in Liverpool,https://www.skiddle.com/whats-on/Liverpool/Round-The-Corner/Monkfest-Funky-Monk-Jazz-Night/36529894/
Kole Coaches To Reminisce Festival,Saturday 9th September 2023,Various Liverpool Venues in Liverpool,https://www.skiddle.com/whats-on/Liverpool/Various-Liverpool-Venues/Kole-Coaches-To-Reminisce-Festival/36589386/
Liverpool Sound City Festival,"Saturday 4 - Sunday 5 May, 2024",Various Venues Liverpool in Liverpool,https://www.skiddle.com/festivals/liverpool-sound-city/
Monkéfest: ROCK'N'ROLL ROLLOUT,Wednesday 20th September 2023,District  in Liverpool,https://www.skiddle.com/whats-on/Liverpool/District-/Monkfest-ROCKNROLL-ROLLOUT/36529880/
City Splash Festival,"Monday 27 May, 2024",Brockwell Park in London,https://www.skiddle.com/festivals/city-splash-festival/
LoveJuice Indoor Festival at Copper Box Arena,"Saturday 4 November, 2023",Copper Box Arena in London,https://www.skiddle.com/festivals/lovejuice/
Live Forever,Saturday 27th January 2024,O2 Forum Kentish Town in London,https://www.skiddle.com/whats-on/London/O2-Forum-Kentish-Town/Live-Forever/36393624/
R&B Rooftop Party - Saturday 9th September- Dalston Roofpark,Saturday 9th September 2023,Dalston Roof Park in London,https://www.skiddle.com/whats-on/London/Dalston-Roof-Park/RB-Rooftop-Party---Saturday-9th-September--Dalston-Roofpark/36406030/
Camden Oktoberfest 2023,Saturday 28th October 2023,Electric Ballroom  in Camden Town,https://www.skiddle.com/whats-on/London/Electric-Ballroom-/Camden-Oktoberfest-2023/36367609/
Camden Oktoberfest 2023,Saturday 14th October 2023,Electric Ballroom  in Camden Town,https://www.skiddle.com/whats-on/London/Electric-Ballroom-/Camden-Oktoberfest-2023/36367572/
Camden Oktoberfest 2023,Saturday 30th September 2023,Electric Ballroom  in Camden Town,https://www.skiddle.com/whats-on/London/Electric-Ballroom-/Camden-Oktoberfest-2023/36367551/
Camden Oktoberfest 2023,Saturday 7th October 2023,Electric Ballroom  in Camden Town,https://www.skiddle.com/whats-on/London/Electric-Ballroom-/Camden-Oktoberfest-2023/36367559/
Camden Oktoberfest 2023,Saturday 21st October 2023,Electric Ballroom  in Camden Town,https://www.skiddle.com/whats-on/London/Electric-Ballroom-/Camden-Oktoberfest-2023/36367607/
Decapitated [Nihility],Thursday 14th December 2023,229   London in London,https://www.skiddle.com/whats-on/London/229---London/Decapitated-Nihility/36592610/
Lesoir,Thursday 29th February 2024,The Lower Third in London,https://www.skiddle.com/whats-on/London/The-Lower-Third/Lesoir/36592591/
the john martyn project and the sandy denny project,Thursday 2nd November 2023,Union Chapel in London,https://www.skiddle.com/whats-on/London/Union-Chapel/the-john-martyn-project-and-the-sandy-denny-project/36591714/
VMO [Violent Magic Orchestra],Monday 16th October 2023,The Black Heart in London,https://www.skiddle.com/whats-on/London/The-Black-Heart/VMO-Violent-Magic-Orchestra/36592568/
Wucan,Saturday 7th October 2023,The Black Heart in London,https://www.skiddle.com/whats-on/London/The-Black-Heart/Wucan/36592641/
Graham bonnet band,Wednesday 29th November 2023,O2 Academy Islington England in London,https://www.skiddle.com/whats-on/London/O2-Academy-Islington-England/Graham-bonnet-band/36417231/
joe hicks,Tuesday 21st November 2023,Paper Dress Vintage in London,https://www.skiddle.com/whats-on/London/Paper-Dress-Vintage/joe-hicks/36591660/
cats in space,Wednesday 13th December 2023,Islington Assembly Hall in London,https://www.skiddle.com/whats-on/London/Islington-Assembly-Hall/cats-in-space/36450356/
Kite Festival,Sunday 3rd September 2023,Norden Farm Centre For The Arts in Maidenhead,https://www.skiddle.com/whats-on/Maidenhead/Norden-Farm-Centre-For-The-Arts/Kite-Festival/36377709/
Maid of Stone Festival,"Friday 19 - Sunday 21 July, 2024","Mote Park in Maidstone, Kent",https://www.skiddle.com/festivals/maid-of-stone-festival/
Cafe Mambo In The Park Festival,Saturday 16th September 2023,"Mote Park in Maidstone, Kent",https://www.skiddle.com/whats-on/Maidstone/Mote-Park/Cafe-Mambo-In-The-Park-Festival/36306659/
Oktoberfest Kent 2023,Saturday 30th September 2023,"Mote Park in Maidstone, Kent",https://www.skiddle.com/whats-on/Maidstone/Mote-Park/Oktoberfest-Kent-2023/36385045/
Revival In The Park 2024,Friday 12th - Saturday 13th July 2024,"Mote Park in Maidstone, Kent",https://www.skiddle.com/whats-on/Maidstone/Mote-Park/Revival-In-The-Park-2024/36404691/
Damnation Festival,"Friday 3 - Saturday 4 November, 2023",Bowlers Exhibition Centre in Manchester,https://www.skiddle.com/festivals/damnation/
Rong Indoor Festival,"Saturday, 30 September - Sunday 1 October, 2023",O2 Victoria Warehouse in Manchester,https://www.skiddle.com/festivals/rong-indoor-festival/
Manchester Adored,Saturday 14th October 2023,Bowlers Exhibition Centre in Manchester,https://www.skiddle.com/whats-on/Manchester/Bowlers-Exhibition-Centre/Manchester-Adored-/36326883/
Green Island Festival 2023 - Vol III,Saturday 9th September 2023,Hulme Community Garden Centre in Manchester,https://www.skiddle.com/whats-on/Manchester/Hulme-Community-Garden-Centre/Green-Island-Festival-2023---Vol-III/36315389/
Stu Allan Festival 2023,Saturday 25th November 2023,Bowlers Exhibition Centre in Manchester,https://www.skiddle.com/whats-on/Manchester/Bowlers-Exhibition-Centre/Stu-Allan-Festival-2023/36298387/
Manchester Made Me Funky - Sugar Rush,Saturday 16th September 2023,Bowlers Exhibition Centre in Manchester,https://www.skiddle.com/whats-on/Manchester/Bowlers-Exhibition-Centre/Manchester-Made-Me-Funky---Sugar-Rush/36261780/
Gin & Rum Festival,Friday 8th - Saturday 9th September 2023,Manchester Cathedral in Manchester,https://www.skiddle.com/whats-on/Manchester/Manchester-Cathedral/Gin--Rum-Festival/36262965/
Riffolution Festival,"Friday 29 - Saturday 30 September, 2023",Manchester Academy  in Manchester,https://www.skiddle.com/festivals/riffolution-festival/
Sidewinder Old Skool Halloween Festival,Saturday 28th - Sunday 29th October 2023,Bowlers Exhibition Centre in Manchester,https://www.skiddle.com/whats-on/Manchester/Bowlers-Exhibition-Centre/Sidewinder-Old-Skool-Halloween-Festival/36364914/
Manchester Psych Fest,"Saturday 2 - Sunday 3 September, 2023",Various Venues Around Manchester in Manchester,https://www.skiddle.com/festivals/manchester-psych-fest/
Beyond The Music Festival,"Wednesday 11 - Saturday 14 October, 2023",Various Venues in Manchester,https://www.skiddle.com/festivals/beyond-the-music/
HOTMESS FEST 2023 - MCR'S Biggest Student Festival,Saturday 23rd September 2023,O2 Victoria Warehouse in Manchester,https://www.skiddle.com/whats-on/Manchester/O2-Victoria-Warehouse/HOTMESS-FEST-2023---MCRS-Biggest-Student-Festival/36405381/
Parklife Festival,"Saturday 8 - Sunday 9 June, 2024",Heaton Park in Manchester,https://www.skiddle.com/festivals/Parklife2/
Peppersoup Village Festival,Saturday 24th August 2024,117 Fairfield Street Manchester M12 6EL in Manchester,https://www.skiddle.com/whats-on/Manchester/117-Fairfield-Street-Manchester-M12-6EL/Peppersoup-Village-Festival/36449183/
Kole Coaches To WHP_MCR - Ben Hemsley - Friday 20th October,Friday 20th October 2023,Depot (Mayfield) in Manchester,https://www.skiddle.com/whats-on/Manchester/Depot-%28Mayfield%29/Kole-Coaches-To-WHPMCR---Ben-Hemsley---Friday-20th-October/36362920/
Graham Bonnet Band,Tuesday 28th November 2023,Manchester Academy  in Manchester,https://www.skiddle.com/whats-on/Manchester/Manchester-Academy-/Graham-Bonnet-Band/36417133/
Oktoberfest Rochester,Saturday 21st October 2023,Casino Rooms in Rochester,https://www.skiddle.com/whats-on/Medway-Rochester/Casino-Rooms/Oktoberfest-Rochester/36381437/
House Masters [One More Dance],Saturday 2nd September 2023,Middlesbrough Town Hall in Middlesbrough,https://www.skiddle.com/whats-on/Middlesbrough/Middlesbrough-Town-Hall/House-Masters-One-More-Dance/36347679/
Reggae Land Festival,"Saturday 3 - Sunday 4 August, 2024",The National Bowl in Milton Keynes,https://www.skiddle.com/festivals/Reggae-Land/
Hidden Festival 2024,Friday 28th - Sunday 30th June 2024,Fred Roche Gardens in Milton Keynes,https://www.skiddle.com/whats-on/Milton-Keynes/Fred-Roche-Gardens/Hidden-Festival-2024/36402739/
BOOZéBRUNCH The Festival,Saturday 2nd September 2023,Chatelherault Country Park in Nr Hamilton,https://www.skiddle.com/whats-on/Hamilton/Chatelherault-Country-Park/BOOZBRUNCH-The-Festival/36378693/
Tigerfest,Saturday 9th September 2023,The Rigger Rock Venue in Newcastle-Under-Lyme,https://www.skiddle.com/whats-on/Newcastle-under-lyme/The-Rigger-Rock-Venue/Tigerfest/36411538/
The Colosseum Rebirth,Saturday 4th November 2023,The Fed in Gateshead,https://www.skiddle.com/whats-on/Gateshead/The-Fed/The-Colosseum-Rebirth/36257076/
Granville Collective 23/24 Season Opener Wristband,Tuesday 19th - Saturday 30th September 2023,Newcastle in Newcastle Upon Tyne,https://www.skiddle.com/whats-on/Newcastle-on-Tyne/Newcastle/Granville-Collective-2324-Season-Opener-Wristband/36490054/
Let's Caper@BALTIC #3 - An Mini-Festival Over 5 Floors!,Friday 29th - Saturday 30th September 2023,BALTIC Centre For Contemporary Art in Gateshead,https://www.skiddle.com/whats-on/Gateshead/BALTIC-Centre-For-Contemporary-Art/Lets-CaperBALTIC-3---An-Mini-Festival-Over-5-Floors/36590418/
Guadalupe Plata,Wednesday 27th September 2023,The Cluny in Newcastle Upon Tyne,https://www.skiddle.com/whats-on/Newcastle-on-Tyne/The-Cluny/Guadalupe-Plata/36489177/
DnB Allstars Festival,"Sunday 17 September, 2023",Gunnersbury Park in London,https://www.skiddle.com/festivals/dnb-allstars-festival/
EH1 Music Festival,"Saturday 23 - Sunday 24 September, 2023",Royal Highland Centre in Edinburgh,https://www.skiddle.com/festivals/Eh1musicfestival/
Illusive Festival,"Friday 8 - Sunday 10 September, 2023",Deene Park in Corby,https://www.skiddle.com/festivals/illusive-festival/
Solfest,"Thursday 22 - Sunday 25 August, 2024","North Lakes Country Park in Silloth, Cumbria",https://www.skiddle.com/festivals/solfest/
Westfest 2023 - The Home of Rave,"Saturday 28 - Sunday 29 October, 2023","The Bath And West Showground, Shepton Mallet in Shepton Mallet",https://www.skiddle.com/festivals/westfest/
Нет данных,"Saturday 28 - Sunday 29 October, 2023","The Bath And West Showground, Shepton Mallet in Shepton Mallet",https://www.skiddle.com/festivals/terminal-v-halloween/
Cultivate Festival: Fall Edition,"Saturday 23 - Sunday 24 September, 2023",Innoflate in Aberdeen,https://www.skiddle.com/festivals/cultivate---fall-edition/
Equinox Festival,"Friday 15 - Monday 18 September, 2023",Chalk Farm in Lincolnshire,https://www.skiddle.com/festivals/equinox-festival/
Boogietown Festival,"Saturday 9 - Sunday 10 September, 2023",Apps Court Farm in Walton-on-Thames,https://www.skiddle.com/festivals/boogietown/
Groovebox Presents: Electric Garden Festival,"Saturday 23 September, 2023",Nottingham Racecourse in Nottingham,https://www.skiddle.com/festivals/groovebox-presents-electric-garden-festival/
Damnation Festival,"Friday 3 - Saturday 4 November, 2023",Bowlers Exhibition Centre in Manchester,https://www.skiddle.com/festivals/damnation/
Reggae Land Festival,"Saturday 3 - Sunday 4 August, 2024",The National Bowl in Milton Keynes,https://www.skiddle.com/festivals/Reggae-Land/
Clubland Live On The Beach Festival,"Friday 8 September, 2023",Weston Super Mare Beach in Weston Super-Mare,https://www.skiddle.com/festivals/clubland-live-on-the-beach/
The Tidyland Weekender Festival,"Friday 5 - Monday 8 July, 2024",Pontins in Prestatyn,https://www.skiddle.com/festivals/tidyland-weekender/
Clubland Weekender Festival,"Friday 6 - Saturday 7 October, 2023",Winter Gardens Blackpool in Blackpool,https://www.skiddle.com/festivals/Clubland-Live-Weekender/
Mint Festival,"Saturday 16 - Sunday 17 September, 2023",Newsam Green Farm in Leeds,https://www.skiddle.com/festivals/mint-festival/
Rong Indoor Festival,"Saturday, 30 September - Sunday 1 October, 2023",O2 Victoria Warehouse in Manchester,https://www.skiddle.com/festivals/rong-indoor-festival/
In It Together Festival,"Friday 24 - Monday 27 May, 2024",Old Park Farm Margam in Port Talbot,https://www.skiddle.com/festivals/In-It-Together/
FearFest,"Saturday 28 October, 2023",Magna Science Adventure Centre in Rotherham,https://www.skiddle.com/festivals/fearfest/
Fields Of Gold Festival,"Friday 1 - Saturday 2 September, 2023",Ashton Cricket Club in Manchester,https://www.skiddle.com/festivals/fields-of-gold/
Save The Rave: Outdoor 90's Festival!,Saturday 8th June 2024,Victoria Park Southport in SOUTHPORT,https://www.skiddle.com/whats-on/Southport/Victoria-Park-Southport/Save-The-Rave-Outdoor-90s-Festival/36588780/
Sign of the Times Festival,"Friday 5 - Sunday 7 July, 2024",Church End Farm in Hertfordshire,https://www.skiddle.com/festivals/sign-of-the-times/
Kubix Festival,"Saturday 13 July, 2024",Herrington Country Park in Sunderland,https://www.skiddle.com/festivals/kubix-festival/
Boundary Brighton Festival,"Saturday 30 September, 2023",Stanmer Park in Brighton,https://www.skiddle.com/festivals/boundary-brighton/
Borderlands Festival,"Friday 8 - Saturday 9 September, 2023",Carlisle Castle in Cumbria,https://www.skiddle.com/festivals/borderlands-festival/
Kelburn Garden Party festival,"Thursday 4 - Sunday 7 July, 2024",Kelburn Country Centre in Largs,https://www.skiddle.com/festivals/kelburn-garden-party/
Woodshrop'23 Festival,Friday 22nd - Sunday 24th September 2023,"West Mid Showground, in Shrewsbury,",https://www.skiddle.com/whats-on/Shrewsbury/West-Mid-Showground%2C/Woodshrop23-Festival/36350824/
One Out Festival,"Saturday 16 September, 2023",Apps Court Farm in Walton-on-Thames,https://www.skiddle.com/festivals/one-out/
Rock The Park Festival,"Thursday 1 - Sunday 4 August, 2024",Rock The Park Festival Site in Wrexham,https://www.skiddle.com/festivals/rock-the-park/
PLTFRM FSTVL. - 10 Years at West Street,"Saturday 23 - Sunday 24 September, 2023",West Street  in Glasgow,https://www.skiddle.com/festivals/pltfrm-fstvl-10-years-at-west-street/
Maid of Stone Festival,"Friday 19 - Sunday 21 July, 2024","Mote Park in Maidstone, Kent",https://www.skiddle.com/festivals/maid-of-stone-festival/
Cafe Mambo In The Park Festival,Saturday 16th September 2023,"Mote Park in Maidstone, Kent",https://www.skiddle.com/whats-on/Maidstone/Mote-Park/Cafe-Mambo-In-The-Park-Festival/36306659/
Ben Hemsley Presents: CONNECTION at Terminal V Halloween Trilogy,Friday 27th October 2023,Royal Highland Centre in Edinburgh,https://www.skiddle.com/whats-on/Edinburgh/Royal-Highland-Centre/Ben-Hemsley-Presents-CONNECTION-at-Terminal-V-Halloween-Trilogy/36383697/
Look-A-Like Festival: Outdoor Tribute Festival in Southport!,Sunday 9th June 2024,Victoria Park Southport in SOUTHPORT,https://www.skiddle.com/whats-on/Southport/Victoria-Park-Southport/Look-A-Like-Festival-Outdoor-Tribute-Festival-in-Southport/36591612/
Manchester Adored,Saturday 14th October 2023,Bowlers Exhibition Centre in Manchester,https://www.skiddle.com/whats-on/Manchester/Bowlers-Exhibition-Centre/Manchester-Adored-/36326883/
Oktoberfest Kent 2023,Saturday 30th September 2023,"Mote Park in Maidstone, Kent",https://www.skiddle.com/whats-on/Maidstone/Mote-Park/Oktoberfest-Kent-2023/36385045/
Festival NN,Saturday 16th September 2023,Delapre Abbey in Northampton,https://www.skiddle.com/whats-on/Northampton/Delapre-Abbey/Festival-NN/36364795/
Mind Over Matter,Saturday 30th September - Sunday 1st October 2023,Becketts Park in Northampton,https://www.skiddle.com/whats-on/Northampton/Becketts-Park/Mind-Over-Matter/36395632/
Megamix Retro Party Weekender,Friday 10th - Sunday 12th November 2023,Mercure Norwich Hotel in Norwich,https://www.skiddle.com/whats-on/Norwich/Mercure-Norwich-Hotel/Megamix-Retro-Party-Weekender/36322243/
Groovebox Presents: Electric Garden Festival,"Saturday 23 September, 2023",Nottingham Racecourse in Nottingham,https://www.skiddle.com/festivals/groovebox-presents-electric-garden-festival/
Groovebox Bassline Takeover Presents: Electric Garden Festival,Saturday 23rd September 2023,Nottingham Racecourse in Nottingham,https://www.skiddle.com/whats-on/Nottingham/Nottingham-Racecourse/Groovebox-Bassline-Takeover-Presents-Electric-Garden-Festival/36377472/
Groovebox Pride Festival,"Saturday 27 July, 2024",Binks Yard in Nottingham,https://www.skiddle.com/festivals/groovebox-pride-festival/
Fields Of Gold Festival,"Friday 1 - Saturday 2 September, 2023",Ashton Cricket Club in Manchester,https://www.skiddle.com/festivals/fields-of-gold/
Heyside Cricket Club Festival Day 2,Sunday 24th September 2023,Heyside Cricket Club in Oldham,https://www.skiddle.com/whats-on/Oldham/Heyside-Cricket-Club/Heyside-Cricket-Club-Festival-Day-2-/36308364/
Heyside Cricket Club Festival 2023,Saturday 23rd September 2023,Heyside Cricket Club in Oldham,https://www.skiddle.com/whats-on/Oldham/Heyside-Cricket-Club/Heyside-Cricket-Club-Festival-2023/36187251/
Riverside Festival,"Saturday 25 - Sunday 26 May, 2024",Riverside Museum in Glasgow,https://www.skiddle.com/festivals/riverside-festival/
Boudica Presents: FIESTA,Saturday 9th - Sunday 10th September 2023,The Ice Factory in Perth,https://www.skiddle.com/whats-on/Perth/The-Ice-Factory/Boudica-Presents-FIESTA/36391248/
Summer Vibes Mini Fest by The Rave Family,Saturday 2nd September 2023,The Lime Tree in Peterborough,https://www.skiddle.com/whats-on/Peterborough/The-Lime-Tree/Summer-Vibes-Mini-Fest-by-The-Rave-Family/36382816/
R&B Lovers - Saturday 30th September - Cameo Bournemouth,Saturday 30th September 2023,Cameo in Bournemouth,https://www.skiddle.com/whats-on/Bournemouth/Cameo/RB-Lovers---Saturday-30th-September---Cameo-Bournemouth/36348234/
DanceOnArrival: Bournemouth Weekender,Friday 3rd - Monday 6th May 2024,Various Bournemouth Venues in Bournemouth,https://www.skiddle.com/whats-on/Bournemouth/Various-Bournemouth-Venues/DanceOnArrival-Bournemouth-Weekender/36349922/
oktoberfest,Friday 29th - Saturday 30th September 2023,Poole Park England in Poole,https://www.skiddle.com/whats-on/Poole/Poole-Park-England/oktoberfest-/36593333/
Southsea Thai Food and Craft Festival,Saturday 9th - Sunday 10th September 2023,Southsea Common Portsmouth PO5 3LR in Portsmouth,https://www.skiddle.com/whats-on/Portsmouth/Southsea-Common-Portsmouth-PO5-3LR/Southsea-Thai-Food-and-Craft-Festival/36403818/
The Tidyland Weekender Festival,"Friday 5 - Monday 8 July, 2024",Pontins in Prestatyn,https://www.skiddle.com/festivals/tidyland-weekender/
Rock am River 2023,Saturday 16th September 2023,New Continental in Preston,https://www.skiddle.com/whats-on/Preston/New-Continental/Rock-am-River-2023/36379152/
Lakestock Festival,"Saturday 23 September, 2023",Caversham Lakes in Reading,https://www.skiddle.com/festivals/lakestock/
The Tidyland Weekender Festival,"Friday 5 - Monday 8 July, 2024",Pontins in Prestatyn,https://www.skiddle.com/festivals/tidyland-weekender/
Heyside Cricket Club Festival Day 2,Sunday 24th September 2023,Heyside Cricket Club in Oldham,https://www.skiddle.com/whats-on/Oldham/Heyside-Cricket-Club/Heyside-Cricket-Club-Festival-Day-2-/36308364/
Heyside Cricket Club Festival 2023,Saturday 23rd September 2023,Heyside Cricket Club in Oldham,https://www.skiddle.com/whats-on/Oldham/Heyside-Cricket-Club/Heyside-Cricket-Club-Festival-2023/36187251/
Essex Tribute Fest 2024,Saturday 13th July 2024,Harrow Lodge Park in London,https://www.skiddle.com/whats-on/Romford/Harrow-Lodge-Park/Essex-Tribute-Fest-2024/36404693/
Festival People,"Saturday 15 June, 2024",Barking Park in Barking,https://www.skiddle.com/festivals/festival-people/
FearFest,"Saturday 28 October, 2023",Magna Science Adventure Centre in Rotherham,https://www.skiddle.com/festivals/fearfest/
Wentworth Festival 2023,Saturday 16th September 2023,Wentworth Woodhouse in Rotherham,https://www.skiddle.com/whats-on/Rotherham/Wentworth-Woodhouse/Wentworth-Festival-2023/36413578/
DnB Allstars: Sheffield,Friday 1st March 2024,Magna Science Adventure Centre in Rotherham,https://www.skiddle.com/whats-on/Rotherham/Magna-Science-Adventure-Centre/DnB-Allstars-Sheffield/36487782/
Damnation Festival,"Friday 3 - Saturday 4 November, 2023",Bowlers Exhibition Centre in Manchester,https://www.skiddle.com/festivals/damnation/
Rong Indoor Festival,"Saturday, 30 September - Sunday 1 October, 2023",O2 Victoria Warehouse in Manchester,https://www.skiddle.com/festivals/rong-indoor-festival/
Manchester Adored,Saturday 14th October 2023,Bowlers Exhibition Centre in Manchester,https://www.skiddle.com/whats-on/Manchester/Bowlers-Exhibition-Centre/Manchester-Adored-/36326883/
Green Island Festival 2023 - Vol III,Saturday 9th September 2023,Hulme Community Garden Centre in Manchester,https://www.skiddle.com/whats-on/Manchester/Hulme-Community-Garden-Centre/Green-Island-Festival-2023---Vol-III/36315389/
Stu Allan Festival 2023,Saturday 25th November 2023,Bowlers Exhibition Centre in Manchester,https://www.skiddle.com/whats-on/Manchester/Bowlers-Exhibition-Centre/Stu-Allan-Festival-2023/36298387/
Manchester Made Me Funky - Sugar Rush,Saturday 16th September 2023,Bowlers Exhibition Centre in Manchester,https://www.skiddle.com/whats-on/Manchester/Bowlers-Exhibition-Centre/Manchester-Made-Me-Funky---Sugar-Rush/36261780/
Gin & Rum Festival,Friday 8th - Saturday 9th September 2023,Manchester Cathedral in Manchester,https://www.skiddle.com/whats-on/Manchester/Manchester-Cathedral/Gin--Rum-Festival/36262965/
Riffolution Festival,"Friday 29 - Saturday 30 September, 2023",Manchester Academy  in Manchester,https://www.skiddle.com/festivals/riffolution-festival/
Sidewinder Old Skool Halloween Festival,Saturday 28th - Sunday 29th October 2023,Bowlers Exhibition Centre in Manchester,https://www.skiddle.com/whats-on/Manchester/Bowlers-Exhibition-Centre/Sidewinder-Old-Skool-Halloween-Festival/36364914/
90s Baby Festival,"Saturday 20 July, 2024",Barton Aerodrome in Manchester,https://www.skiddle.com/festivals/90s-baby-festival/
Manchester Psych Fest,"Saturday 2 - Sunday 3 September, 2023",Various Venues Around Manchester in Manchester,https://www.skiddle.com/festivals/manchester-psych-fest/
Beyond The Music Festival,"Wednesday 11 - Saturday 14 October, 2023",Various Venues in Manchester,https://www.skiddle.com/festivals/beyond-the-music/
HOTMESS FEST 2023 - MCR'S Biggest Student Festival,Saturday 23rd September 2023,O2 Victoria Warehouse in Manchester,https://www.skiddle.com/whats-on/Manchester/O2-Victoria-Warehouse/HOTMESS-FEST-2023---MCRS-Biggest-Student-Festival/36405381/
Parklife Festival,"Saturday 8 - Sunday 9 June, 2024",Heaton Park in Manchester,https://www.skiddle.com/festivals/Parklife2/
Peppersoup Village Festival,Saturday 24th August 2024,117 Fairfield Street Manchester M12 6EL in Manchester,https://www.skiddle.com/whats-on/Manchester/117-Fairfield-Street-Manchester-M12-6EL/Peppersoup-Village-Festival/36449183/
Kole Coaches To WHP_MCR - Ben Hemsley - Friday 20th October,Friday 20th October 2023,Depot (Mayfield) in Manchester,https://www.skiddle.com/whats-on/Manchester/Depot-%28Mayfield%29/Kole-Coaches-To-WHPMCR---Ben-Hemsley---Friday-20th-October/36362920/
Graham Bonnet Band,Tuesday 28th November 2023,Manchester Academy  in Manchester,https://www.skiddle.com/whats-on/Manchester/Manchester-Academy-/Graham-Bonnet-Band/36417133/
Scunthorpe Pride 2023,Sunday 27th August 2023,"Church Square in Scunthorpe,",https://www.skiddle.com/whats-on/Doncaster/Church-Square/Scunthorpe-Pride-2023/36227199/
FearFest,"Saturday 28 October, 2023",Magna Science Adventure Centre in Rotherham,https://www.skiddle.com/festivals/fearfest/
Tha Know's,Saturday 9th September 2023,Network   Sheffield in Sheffield,https://www.skiddle.com/whats-on/Sheffield/Network---Sheffield/Tha-Knows/36379017/
Float Along Festival 2023,Saturday 23rd - Sunday 24th September 2023,"Multiple Venues, Sheffield in Sheffield",https://www.skiddle.com/whats-on/Sheffield/Multiple-Venues%2C-Sheffield/Float-Along-Festival-2023/36346222/
DnB Allstars: Sheffield,Friday 1st March 2024,Magna Science Adventure Centre in Rotherham,https://www.skiddle.com/whats-on/Rotherham/Magna-Science-Adventure-Centre/DnB-Allstars-Sheffield/36487782/
Woodshrop'23 Festival,Friday 22nd - Sunday 24th September 2023,"West Mid Showground, in Shrewsbury,",https://www.skiddle.com/whats-on/Shrewsbury/West-Mid-Showground%2C/Woodshrop23-Festival/36350824/
Shropshire Oktoberfest,Friday 6th - Saturday 7th October 2023,"The Quarry, Shrewsbury in Shrewsbury",https://www.skiddle.com/whats-on/Shrewsbury/The-Quarry%2C-Shrewsbury/Shropshire-Oktoberfest/36230188/
The Skegness Reggae & Ska Festival 2024,Friday 28th - Sunday 30th June 2024,Royal Hotel in Skegness,https://www.skiddle.com/whats-on/Skegness/Royal-Hotel/The-Skegness-Reggae--Ska-Festival-2024-/36486999/
Havoc 2024,Saturday 27th April 2024,The Hive Skegness in Skegness,https://www.skiddle.com/whats-on/Skegness/The-Hive-Skegness/Havoc-2024/36404157/
Muzikstan All Day Festival,Saturday 16th September 2023,The Old Print Works in Birmingham,https://www.skiddle.com/whats-on/Birmingham/The-Old-Print-Works/Muzikstan-All-Day-Festival/36491916/
Slaughterhouse Festival,"Friday 3 - Sunday 5 May, 2024",The Castle And Falcon in Birmingham,https://www.skiddle.com/festivals/slaughterhouse-festival/
Birmingham International Ska & Reggae Festival,"Friday, 31 May - Sunday 2 June, 2024",Thornborough Farm in Birmingham,https://www.skiddle.com/festivals/birmingham-international-ska-reggae-festival/
Doom and Grind Festival 2024,Friday 19th - Saturday 20th April 2024,The Castle And Falcon in Birmingham,https://www.skiddle.com/whats-on/Birmingham/The-Castle-And-Falcon/Doom-and-Grind-Festival-2024/36531128/
Halloween warehouse party 2023,Saturday 28th October 2023,Engine Rooms in Southampton,https://www.skiddle.com/whats-on/Southampton/Engine-Rooms/Halloween-warehouse-party-2023/36359630/
South East Dance Festival,"Saturday 24 August, 2024",Garon Park in Southend-On-Sea,https://www.skiddle.com/festivals/south-east-dance-fest/
Save The Rave: Outdoor 90's Festival!,Saturday 8th June 2024,Victoria Park Southport in SOUTHPORT,https://www.skiddle.com/whats-on/Southport/Victoria-Park-Southport/Save-The-Rave-Outdoor-90s-Festival/36588780/
Look-A-Like Festival: Outdoor Tribute Festival in Southport!,Sunday 9th June 2024,Victoria Park Southport in SOUTHPORT,https://www.skiddle.com/whats-on/Southport/Victoria-Park-Southport/Look-A-Like-Festival-Outdoor-Tribute-Festival-in-Southport/36591612/
Outdoor Funk & Soul Festival comes to Southport!,Friday 7th June 2024,VENUE TBA Southport in Southport,https://www.skiddle.com/whats-on/Southport/VENUE-TBA-Southport/Outdoor-Funk--Soul-Festival-comes-to-Southport-/36590931/
Lazy Sunday Old Skool & Jungle Festival 2023,Sunday 27th August 2023,Letchworth Rugby Club in Letchworth,https://www.skiddle.com/whats-on/Stevenage/Letchworth-Rugby-Club/Lazy-Sunday-Old-Skool--Jungle-Festival-2023/36109092/
Art Battle Manchester XXII - Party In The (car) Park,Friday 8th September 2023,Merseyway Carpark in Stockport,https://www.skiddle.com/whats-on/Stockport/Merseyway-Carpark/Art-Battle-Manchester-XXII---Party-In-The-car-Park/36384878/
Made in Manchester Festival,"Saturday 16 - Sunday 17 September, 2023",Bolton Arena in Bolton,https://www.skiddle.com/festivals/made-in-manchester/
Party in Acklam Park 2023,Sunday 27th August 2023,Middlesbrough Rugby And Cricket Club in Middlesbrough,https://www.skiddle.com/whats-on/Middlesbrough/Middlesbrough-Rugby-And-Cricket-Club/Party-in-Acklam-Park-2023/36254196/
Tigerfest,Saturday 9th September 2023,The Rigger Rock Venue in Newcastle-Under-Lyme,https://www.skiddle.com/whats-on/Newcastle-under-lyme/The-Rigger-Rock-Venue/Tigerfest/36411538/
Deep Forest,Saturday 2nd September 2023,Chances in Stourton,https://www.skiddle.com/whats-on/Stourbridge/Chances/Deep-Forest/36390290/
Stourfest,Saturday 11th May 2024,Stourbridge Rugby Football Club Ltd in Stourbridge,https://www.skiddle.com/whats-on/Dudley/Stourbridge-Rugby-Football-Club-Ltd/Stourfest-/36361485/
Hopfest - FRIDAY,Friday 8th September 2023,Hopleys Family Camping in Bewdley,https://www.skiddle.com/whats-on/Stourport-On-Severn/Hopleys-Family-Camping/Hopfest---FRIDAY/36400392/
Hopfest - SATURDAY,Saturday 9th September 2023,Hopleys Family Camping in Bewdley,https://www.skiddle.com/whats-on/Stourport-On-Severn/Hopleys-Family-Camping/Hopfest---SATURDAY/36400418/
Hopfest - WEEKEND,Friday 8th - Saturday 9th September 2023,Hopleys Family Camping in Bewdley,https://www.skiddle.com/whats-on/Stourport-On-Severn/Hopleys-Family-Camping/Hopfest---WEEKEND/36400348/
Kidderminster Music Festival 2023,Friday 22nd - Sunday 24th September 2023,45Live in Kidderminster,https://www.skiddle.com/whats-on/Kidderminster/45Live/Kidderminster-Music-Festival-2023/36404189/
SnittLife Festival 2023,Saturday 2nd September 2023,The Snitterfield Arms in Stratford-upon-Avon,https://www.skiddle.com/whats-on/Stratford-upon-avon/The-Snitterfield-Arms/SnittLife-Festival-2023/36398814/
Pub In The Park St. Albans 2023,Friday 8th - Sunday 10th September 2023,Verulamium Park in St. Albans,https://www.skiddle.com/whats-on/St-Albans/Verulamium-Park/Pub-In-The-Park-St-Albans-2023/36215863/
Kubix Festival,"Saturday 13 July, 2024",Herrington Country Park in Sunderland,https://www.skiddle.com/festivals/kubix-festival/
Kubix Rock Festival,"Saturday 20 July, 2024",Herrington Country Park in Sunderland,https://www.skiddle.com/festivals/Kubix-Rock-Festival/
Beer Fest 2023,Friday 1st - Sunday 3rd September 2023,Wimbledon Brewery in London,https://www.skiddle.com/whats-on/London/Wimbledon-Brewery/Beer-Fest-2023/36489573/
Logic Festival 2024,Saturday 15th June 2024,Ynysforgan Farm in Swansea,https://www.skiddle.com/whats-on/Swansea/Ynysforgan-Farm/Logic-Festival-2024/36590361/
Depravation Festival,Saturday 2nd - Sunday 3rd September 2023,Level 3 in Swindon,https://www.skiddle.com/whats-on/Swindon/Level-3/Depravation-Festival/36340749/
cross town live music,Friday 13th October 2023,The Plough Inn in Taunton,https://www.skiddle.com/whats-on/Taunton/The-Plough-Inn/cross-town-live-music/36592558/
Chesterfield Pride 2024,Sunday 21st July 2024,Stand Road Park in Chesterfield,https://www.skiddle.com/whats-on/Sheffield/Stand-Road-Park/Chesterfield-Pride-2024/36416516/
Burn It Down Festival,"Friday 8 - Saturday 9 September, 2023",The Foundry in Torquay,https://www.skiddle.com/festivals/burn-it-down-festival/
Alfresco Festival,"Friday 23 - Monday 26 August, 2024",TBC in Kent,https://www.skiddle.com/festivals/Alfresco/
DnB Allstars Festival,"Sunday 17 September, 2023",Gunnersbury Park in London,https://www.skiddle.com/festivals/dnb-allstars-festival/
Boogietown Festival,"Saturday 9 - Sunday 10 September, 2023",Apps Court Farm in Walton-on-Thames,https://www.skiddle.com/festivals/boogietown/
One Out Festival,"Saturday 16 September, 2023",Apps Court Farm in Walton-on-Thames,https://www.skiddle.com/festivals/one-out/
Magic of Thailand Festival in London,Saturday 2nd - Sunday 3rd September 2023,Ealing Common London W5 3HN in London,https://www.skiddle.com/whats-on/London/Ealing-Common-London-W5-3HN/Magic-of-Thailand-Festival-in-London/36269770/
Pub In The Park Chiswick 2023,Friday 1st - Sunday 3rd September 2023,Chiswick House And Gardens in Chiswick,https://www.skiddle.com/whats-on/London/Chiswick-House-And-Gardens/Pub-In-The-Park-Chiswick-2023/36215823/
DnB Allstars Festival,"Sunday 17 September, 2023",Gunnersbury Park in London,https://www.skiddle.com/festivals/dnb-allstars-festival/
Magic of Thailand Festival in London,Saturday 2nd - Sunday 3rd September 2023,Ealing Common London W5 3HN in London,https://www.skiddle.com/whats-on/London/Ealing-Common-London-W5-3HN/Magic-of-Thailand-Festival-in-London/36269770/
Vor-Fest,Saturday 9th September 2023,The Vortex Bar Wakefield in Wakefield,https://www.skiddle.com/whats-on/Wakefield/The-Vortex-Bar-Wakefield/Vor-Fest/36350628/
Anomaly Summer Of Love Trance Festival,Saturday 17th - Sunday 18th August 2024,Sandwell Valley Country Park in West Bromwich,https://www.skiddle.com/whats-on/West-Bromwich/Sandwell-Valley-Country-Park/Anomaly-Summer-Of-Love-Trance-Festival/36530525/
Creamfields North festival,"August 2024, TBC","Daresbury, Cheshire",https://www.skiddle.com/festivals/creamfields/
Kole Coaches to Creamies Festival on Sunday 27th Aug 2023,Sunday 27th August 2023,Creamfields in Cheshire,https://www.skiddle.com/whats-on/Warrington/Creamfields/Kole-Coaches-to-Creamies-Festival-on-Sunday-27th-Aug-2023/36350416/
Fringe Festival,Friday 22nd September 2023,The Pump House Theatre And Arts Centre Watford in Watford,https://www.skiddle.com/whats-on/Watford/The-Pump-House-Theatre-And-Arts-Centre-Watford/Fringe-Festival/36489190/
Clubland Live On The Beach Festival,"Friday 8 September, 2023",Weston Super Mare Beach in Weston Super-Mare,https://www.skiddle.com/festivals/clubland-live-on-the-beach/
Save The Rave: Indoor Halloween 90's Festival,Friday 27th October 2023,The Tropicana in Weston-super-Mare,https://www.skiddle.com/whats-on/Bristol/The-Tropicana/Save-The-Rave-Indoor-Halloween-90s-Festival/36528755/
Outdoor Tribute Festival Weston-Super-Mare! (DATE TBC),Sunday 16th June 2024,Venue TBC in  Weston-super-Mare,https://www.skiddle.com/whats-on/Weston-super-Mare/Venue-TBC/Outdoor-Tribute-Festival-Weston-Super-Mare-DATE-TBC/36379816/
Save The Rave: Outdoor 90's Festival (DATE TBC),Saturday 15th June 2024,Venue TBC in  Weston-super-Mare,https://www.skiddle.com/whats-on/Weston-super-Mare/Venue-TBC/Save-The-Rave-Outdoor-90s-Festival-DATE-TBC/36379815/
Anomaly Summer Of Love Trance Festival,Saturday 17th - Sunday 18th August 2024,Sandwell Valley Country Park in West Bromwich,https://www.skiddle.com/whats-on/West-Bromwich/Sandwell-Valley-Country-Park/Anomaly-Summer-Of-Love-Trance-Festival/36530525/
Bassline Takeover & History Of Bassline: Scream Fest 2023,Saturday 28th October 2023,The Hangar  in Wolverhampton,https://www.skiddle.com/whats-on/Wolverhampton/The-Hangar-/Bassline-Takeover--History-Of-Bassline-Scream-Fest-2023/36372621/
Bassline Takeover & History of Bassline: Scream Fest 2023 16+,Saturday 28th October 2023,The Hangar  in Wolverhampton,https://www.skiddle.com/whats-on/Wolverhampton/The-Hangar-/Bassline-Takeover--History-of-Bassline-Scream-Fest-2023-16/36372883/
Madisons 28th Anniversary Festival,Saturday 16th September 2023,Rivendell in Workington,https://www.skiddle.com/whats-on/Workington/Rivendell/Madisons-28th-Anniversary-Festival-/36400934/
Rock The Park Festival,"Thursday 1 - Sunday 4 August, 2024",Rock The Park Festival Site in Wrexham,https://www.skiddle.com/festivals/rock-the-park/
,,,
